aircraft,mod,flap,isa_dev,mach,cruise_alt,payload,total_dist_nm
CJ1,Flatwing,0,0,0.0,41000,0,1004.6226978521729
CJ1,Flatwing,0,0,0.0,39000,0,918.9323800095848
CJ1,Flatwing,0,0,0.0,37000,0,801.1583782446951
CJ1,Flatwing,0,0,0.0,35000,0,704.8863082991933
CJ1,Tamarack,0,0,0.0,41000,0,1001.423927812249
CJ1,Tamarack,0,0,0.0,39000,0,846.6772047926962
CJ1,Tamarack,0,0,0.0,37000,0,736.718104818298
CJ1,Tamarack,0,0,0.0,35000,0,649.9334255426947
